<?xml version="1.0" encoding="UTF-8" ?>
<app_config>

<!-- repository for all animations -->
<animations>
    <anim name="action1" repeat="1" sheet="sheetanim02.png" frames="8" lines="4" start="0" end="31" increment="1" />

    
  <!-- already declared animations can be reused: -->
  <anim name="sampleAnim" speed="0.5">
	<anim ref="action1" revert="true" speed="0.1" />		<!-- 31 - 0 slowly-->
	<anim ref="action1" revert="false" speed="0.1" />       <!-- 0 - 31 slowly-->
	
	<anim speed="2">
	  <anim ref="action1" /> <!-- 2x 0-31 quickly-->
	  <anim ref="action1" />
	  
	  <anim speed="2">
	    <anim ref="action1" /> <!-- 2x 0-31 more quickly-->
		<anim ref="action1" />
	  </anim>
	</anim>
  </anim>
</animations>



  <scenes initial="main">
    <scene name="main">
      <node img="bgr.jpg" />
      <node name="anim" >
	    <transform pos_x="0.5" pos_y="0.5" z_index="2" ptype="rel" anchor="0.5" />
		<shape type="plane" width="1" height="1" />
		<behavior type="SheetAnimator">
		  <setting>
		    <item key="animation" value="sampleAnim" />
		  </setting>
		</behavior> 
		
	  </node>
    </scene>
  </scenes>




<!--
  <animations>
    <anim name="square_anim" sheet="sheet_squares.png" frames="4" lines="2"  start="0" end="3"  repeat="0" increment="1" speed="0.2"></anim>
  </animations>

  <attranimations>
	<attranimset name="mojo" repeat="12" bidirect="true">
	  <attranim name="tranim1" attr="pos_x" from="150" to="250" ttype="abs" mtype="direct" duration="1000"  repeat="0" bidirect="true" easefunc="cosine_in" />
	  <attranim name="tranim2" attr="pos_y" from="150" to="250" ttype="abs" mtype="direct" duration="1000"  repeat="0" bidirect="true" easefunc="sin_in"/>
	</attranimset>
  </attranimations>
  
  <spritesheets>
	<spritesheet name="squares" img="sheet_squares.png" frames="4" sprite_width="128" sprite_height="128" />
	<spritesheet name="bgr" img="bgr.jpg" frames="1" sprite_width="800" sprite_height="450" />
  </spritesheets>

   <transforms>
    <transform name="rot_begin" rotation="0" />
    <transform name="rot_end" rotation="360" />
	<transform name="scale_begin" size="1" stype="loc" />
	<transform name="scale_end" size="-1" stype="loc" />
  </transforms>
  
  <behaviors>
    <behavior name="transform1" type="TransformAnim" from="rot_begin" to="rot_end" duration="4000" repeat="false" blend="additive" />
	<behavior name="transform2" type="TransformAnim" from="scale_begin" to="scale_end" duration="4000" repeat="false" blend="additive" />
	<behavior name="squareanim" type="SheetAnim" animation="square_anim" />
  </behaviors>
 
  <scenes initial="main">
    <scene name="main">
	  <scene_layers>
	    <layer name="bgr" spritesheet="bgr" buffer_size="100" z_index="30" />
		<layer name="squares" spritesheet="squares" buffer_size="100" z_index="30" />
	  </scene_layers>

	  <node name="bgr" img="bgr.jpg">
	    <shape type="sprite" layer="bgr" />
	  </node>
	  
	  <node name="square_2">
        <shape type="sprite" layer="squares" row="0" column="1" />
		<transform pos_x="0.15" pos_y="0.15" ptype="per" stype="loc" z_index="10" />
		
		<behavior type="AttribsAnim" animations="tranim1|tranim2" />
	  </node>
    </scene>
  </scenes>-->
</app_config>