<?xml version="1.0" encoding="UTF-8" ?>
<app_config>


<animations>
    <anim name="mario_anim_sheet" sheet="mario_all.png" frames="5" lines="1"  start="0" end="4"  repeat="0" increment="1" speed="0.2"></anim>
	<anim name="mario_anim_frames" sheet="mario_{0}.png"  start="0" end="4"  repeat="0" increment="1" speed="0.2"></anim>
</animations>

<transforms>
  <transform name="mario_from" pos_x="0" pos_y="0.57" z_index="2" ptype="per" anchor_x="1"  />
  <transform name="mario_to" pos_x="1" pos_y="0.57" z_index="2" ptype="per" anchor="0"  />
</transforms>

  <scenes initial="main">
    <scene name="main">
      <node img="bgr.jpg" />
      <node name="mario" img="mario_0.png">
	    <transform pos_x="0" pos_y="0.6" z_index="2" ptype="per" anchor_x="1" width="0.1" stype="per"/>
		
		<behavior type="SheetAnimator">
		  <setting>
		    <item key="animation" value="mario_anim_sheet" />
		  </setting>
		</behavior> 
		
	    <behavior type="TransformAnim">
		  <setting>
		    <item key="from" value="mario_from" />
			<item key="to" value="mario_to" />
			<item key="duration" value="4000" />
			<item key="repeat" value="true" />
			<item key="blend" value="overlay" />
		  </setting>
		</behavior> 

	  </node>
    </scene>
  </scenes>
</app_config>